{
    "ds": "./ds.h5",
    "figs": {
        "q0_|0>": "./figs.q0_|0>.png",
        "q0_|1>": "./figs.q0_|1>.png",
        "q0_|+>": "./figs.q0_|+>.png",
        "q0_i|+>": "./figs.q0_i|+>.png"
    },
    "results": {
        "q0": {
            "|0>": {
                "raw": {
                    "x": [
                        4756,
                        5244
                    ],
                    "y": [
                        4692,
                        5308
                    ],
                    "z": [
                        8053,
                        1947
                    ],
                    "Bloch vector": [
                        -0.0488,
                        -0.0616,
                        0.6106
                    ],
                    "denstiy matrix": "./arrays.npz#results.q0.|0>.raw.denstiy matrix",
                    "fidelity": 0.8053,
                    "trace_distance": 0.1986255018873458
                },
                "mitigated": {
                    "x": [
                        0.626188734455011,
                        0.373811265544989
                    ],
                    "y": [
                        0.614484272128749,
                        0.385515727871251
                    ],
                    "z": [
                        1.0,
                        0
                    ],
                    "Bloch vector": [
                        0.2524,
                        0.229,
                        1.0
                    ],
                    "denstiy matrix": "./arrays.npz#results.q0.|0>.mitigated.denstiy matrix",
                    "fidelity": 1.0,
                    "trace_distance": 0.17038264368240896
                }
            },
            "|1>": {
                "raw": {
                    "x": [
                        4767,
                        5233
                    ],
                    "y": [
                        4593,
                        5407
                    ],
                    "z": [
                        1484,
                        8516
                    ],
                    "Bloch vector": [
                        -0.0466,
                        -0.0814,
                        -0.7032
                    ],
                    "denstiy matrix": "./arrays.npz#results.q0.|1>.raw.denstiy matrix",
                    "fidelity": 0.8516,
                    "trace_distance": 0.15563399371602593
                },
                "mitigated": {
                    "x": [
                        0.6282004389173372,
                        0.3717995610826628
                    ],
                    "y": [
                        0.5963789319678128,
                        0.4036210680321872
                    ],
                    "z": [
                        0.02779809802487196,
                        0.972201901975128
                    ],
                    "Bloch vector": [
                        0.2564,
                        0.1928,
                        -0.9444
                    ],
                    "denstiy matrix": "./arrays.npz#results.q0.|1>.mitigated.denstiy matrix",
                    "fidelity": 0.972201901975128,
                    "trace_distance": 0.16277894618056282
                }
            },
            "|+>": {
                "raw": {
                    "x": [
                        6988,
                        3012
                    ],
                    "y": [
                        3554,
                        6446
                    ],
                    "z": [
                        4660,
                        5340
                    ],
                    "Bloch vector": [
                        0.3976,
                        -0.2892,
                        -0.068
                    ],
                    "denstiy matrix": "./arrays.npz#results.q0.|+>.raw.denstiy matrix",
                    "fidelity": 0.6987999999999999,
                    "trace_distance": 0.33583716292274746
                },
                "mitigated": {
                    "x": [
                        0.9999999999999999,
                        0
                    ],
                    "y": [
                        0.40636430138990487,
                        0.593635698610095
                    ],
                    "z": [
                        0.6086320409656181,
                        0.39136795903438193
                    ],
                    "Bloch vector": [
                        1.0,
                        -0.1873,
                        0.2173
                    ],
                    "denstiy matrix": "./arrays.npz#results.q0.|+>.mitigated.denstiy matrix",
                    "fidelity": 1.0,
                    "trace_distance": 0.14341744795720038
                }
            },
            "i|+>": {
                "raw": {
                    "x": [
                        5804,
                        4196
                    ],
                    "y": [
                        6271,
                        3729
                    ],
                    "z": [
                        4875,
                        5125
                    ],
                    "Bloch vector": [
                        0.1608,
                        0.2542,
                        -0.025
                    ],
                    "denstiy matrix": "./arrays.npz#results.q0.i|+>.raw.denstiy matrix",
                    "fidelity": 0.6271,
                    "trace_distance": 0.38167370881421736
                },
                "mitigated": {
                    "x": [
                        0.8178493050475494,
                        0.18215069495245056
                    ],
                    "y": [
                        0.9032553035844915,
                        0.09674469641550848
                    ],
                    "z": [
                        0.6479517190929042,
                        0.3520482809070958
                    ],
                    "Bloch vector": [
                        0.6357,
                        0.8065,
                        0.2959
                    ],
                    "denstiy matrix": "./arrays.npz#results.q0.i|+>.mitigated.denstiy matrix",
                    "fidelity": 0.9032553035844915,
                    "trace_distance": 0.36369964006895106
                }
            },
            "superoperator": "./arrays.npz#results.q0.superoperator",
            "mitigated superoperator": "./arrays.npz#results.q0.mitigated superoperator"
        }
    },
    "initial_parameters": {
        "qubits": [
            "q0"
        ],
        "num_runs": 10000,
        "reset_type_thermal_or_active": "active",
        "flux_point_joint_or_independent": "joint",
        "simulate": false,
        "simulation_duration_ns": 10000,
        "timeout": 100,
        "load_data_id": null,
        "multiplexed": false,
        "interaction_time_ns": 1,
        "desired_state": [
            [
                0,
                0
            ],
            [
                3.141592653589793,
                0
            ],
            [
                1.5707963267948966,
                0
            ],
            [
                1.5707963267948966,
                1.5707963267948966
            ]
        ]
    }
}