{
    "ds": "./ds.h5",
    "figs": {
        "q0_|0>": "./figs.q0_|0>.png",
        "q0_|1>": "./figs.q0_|1>.png",
        "q0_|+>": "./figs.q0_|+>.png",
        "q0_i|+>": "./figs.q0_i|+>.png"
    },
    "results": {
        "q0": {
            "|0>": {
                "raw": {
                    "x": [
                        4758,
                        5242
                    ],
                    "y": [
                        4718,
                        5282
                    ],
                    "z": [
                        7548,
                        2452
                    ],
                    "Bloch vector": [
                        -0.0484,
                        -0.0564,
                        0.5096
                    ],
                    "denstiy matrix": "./arrays.npz#results.q0.|0>.raw.denstiy matrix",
                    "fidelity": 0.7548,
                    "trace_distance": 0.24799983870962494
                },
                "mitigated": {
                    "x": [
                        0.6265544989027065,
                        0.3734455010972934
                    ],
                    "y": [
                        0.6192392099487929,
                        0.38076079005120705
                    ],
                    "z": [
                        1.0,
                        0
                    ],
                    "Bloch vector": [
                        0.2531,
                        0.2385,
                        1.0
                    ],
                    "denstiy matrix": "./arrays.npz#results.q0.|0>.mitigated.denstiy matrix",
                    "fidelity": 1.0,
                    "trace_distance": 0.17387935582387998
                }
            },
            "|1>": {
                "raw": {
                    "x": [
                        4581,
                        5419
                    ],
                    "y": [
                        4440,
                        5560
                    ],
                    "z": [
                        3865,
                        6135
                    ],
                    "Bloch vector": [
                        -0.0838,
                        -0.112,
                        -0.227
                    ],
                    "denstiy matrix": "./arrays.npz#results.q0.|1>.raw.denstiy matrix",
                    "fidelity": 0.6135,
                    "trace_distance": 0.39277711236781604
                },
                "mitigated": {
                    "x": [
                        0.5941843452816387,
                        0.40581565471836145
                    ],
                    "y": [
                        0.5683979517190929,
                        0.4316020482809072
                    ],
                    "z": [
                        0.46324067300658367,
                        0.5367593269934163
                    ],
                    "Bloch vector": [
                        0.1884,
                        0.1368,
                        -0.0735
                    ],
                    "denstiy matrix": "./arrays.npz#results.q0.|1>.mitigated.denstiy matrix",
                    "fidelity": 0.5367593269934163,
                    "trace_distance": 0.47764096539460565
                }
            },
            "|+>": {
                "raw": {
                    "x": [
                        3470,
                        6530
                    ],
                    "y": [
                        5873,
                        4127
                    ],
                    "z": [
                        5671,
                        4329
                    ],
                    "Bloch vector": [
                        -0.306,
                        0.1746,
                        0.1342
                    ],
                    "denstiy matrix": "./arrays.npz#results.q0.|+>.raw.denstiy matrix",
                    "fidelity": 0.347,
                    "trace_distance": 0.6622180154601656
                },
                "mitigated": {
                    "x": [
                        0.39100219458668617,
                        0.6089978054133138
                    ],
                    "y": [
                        0.8304681784930505,
                        0.16953182150694956
                    ],
                    "z": [
                        0.7935259692757864,
                        0.2064740307242136
                    ],
                    "Bloch vector": [
                        -0.218,
                        0.6609,
                        0.5871
                    ],
                    "denstiy matrix": "./arrays.npz#results.q0.|+>.mitigated.denstiy matrix",
                    "fidelity": 0.39100219458668617,
                    "trace_distance": 0.7524925505505269
                }
            },
            "i|+>": {
                "raw": {
                    "x": [
                        3181,
                        6819
                    ],
                    "y": [
                        3782,
                        6218
                    ],
                    "z": [
                        5661,
                        4339
                    ],
                    "Bloch vector": [
                        -0.3638,
                        -0.2436,
                        0.1322
                    ],
                    "denstiy matrix": "./arrays.npz#results.q0.i|+>.raw.denstiy matrix",
                    "fidelity": 0.3782,
                    "trace_distance": 0.651223510017874
                },
                "mitigated": {
                    "x": [
                        0.33814923189465984,
                        0.66185076810534
                    ],
                    "y": [
                        0.44806144842721285,
                        0.5519385515727872
                    ],
                    "z": [
                        0.7916971470373081,
                        0.20830285296269202
                    ],
                    "Bloch vector": [
                        -0.3237,
                        -0.1039,
                        0.5834
                    ],
                    "denstiy matrix": "./arrays.npz#results.q0.i|+>.mitigated.denstiy matrix",
                    "fidelity": 0.4480614484272128,
                    "trace_distance": 0.6449178718552151
                }
            },
            "superoperator": "./arrays.npz#results.q0.superoperator",
            "mitigated superoperator": "./arrays.npz#results.q0.mitigated superoperator"
        }
    },
    "initial_parameters": {
        "qubits": [
            "q0"
        ],
        "num_runs": 10000,
        "reset_type_thermal_or_active": "active",
        "flux_point_joint_or_independent": "joint",
        "simulate": false,
        "simulation_duration_ns": 10000,
        "timeout": 100,
        "load_data_id": null,
        "multiplexed": false,
        "interaction_time_ns": 36,
        "desired_state": [
            [
                0,
                0
            ],
            [
                3.141592653589793,
                0
            ],
            [
                1.5707963267948966,
                0
            ],
            [
                1.5707963267948966,
                1.5707963267948966
            ]
        ]
    }
}