{
    "ds": "./ds.h5",
    "figs": {
        "q0_|0>": "./figs.q0_|0>.png",
        "q0_|1>": "./figs.q0_|1>.png",
        "q0_|+>": "./figs.q0_|+>.png",
        "q0_i|+>": "./figs.q0_i|+>.png"
    },
    "results": {
        "q0": {
            "|0>": {
                "raw": {
                    "x": [
                        4777,
                        5223
                    ],
                    "y": [
                        4819,
                        5181
                    ],
                    "z": [
                        7841,
                        2159
                    ],
                    "Bloch vector": [
                        -0.0446,
                        -0.0362,
                        0.5682
                    ],
                    "denstiy matrix": "./arrays.npz#results.q0.|0>.raw.denstiy matrix",
                    "fidelity": 0.7841,
                    "trace_distance": 0.21780199723602164
                },
                "mitigated": {
                    "x": [
                        0.6300292611558156,
                        0.3699707388441844
                    ],
                    "y": [
                        0.637710314557425,
                        0.36228968544257506
                    ],
                    "z": [
                        1.0,
                        0
                    ],
                    "Bloch vector": [
                        0.2601,
                        0.2754,
                        1.0
                    ],
                    "denstiy matrix": "./arrays.npz#results.q0.|0>.mitigated.denstiy matrix",
                    "fidelity": 1.0,
                    "trace_distance": 0.18939836190482806
                }
            },
            "|1>": {
                "raw": {
                    "x": [
                        4734,
                        5266
                    ],
                    "y": [
                        4580,
                        5420
                    ],
                    "z": [
                        3634,
                        6366
                    ],
                    "Bloch vector": [
                        -0.0532,
                        -0.084,
                        -0.2732
                    ],
                    "denstiy matrix": "./arrays.npz#results.q0.|1>.raw.denstiy matrix",
                    "fidelity": 0.6366,
                    "trace_distance": 0.3667848415624615
                },
                "mitigated": {
                    "x": [
                        0.6221653255303584,
                        0.37783467446964153
                    ],
                    "y": [
                        0.5940014630577908,
                        0.4059985369422092
                    ],
                    "z": [
                        0.42099487929773216,
                        0.5790051207022678
                    ],
                    "Bloch vector": [
                        0.2443,
                        0.188,
                        -0.158
                    ],
                    "denstiy matrix": "./arrays.npz#results.q0.|1>.mitigated.denstiy matrix",
                    "fidelity": 0.5790051207022678,
                    "trace_distance": 0.4483272579420703
                }
            },
            "|+>": {
                "raw": {
                    "x": [
                        4790,
                        5210
                    ],
                    "y": [
                        3236,
                        6764
                    ],
                    "z": [
                        5655,
                        4345
                    ],
                    "Bloch vector": [
                        -0.042,
                        -0.3528,
                        0.131
                    ],
                    "denstiy matrix": "./arrays.npz#results.q0.|+>.raw.denstiy matrix",
                    "fidelity": 0.479,
                    "trace_distance": 0.5539388143107504
                },
                "mitigated": {
                    "x": [
                        0.6324067300658375,
                        0.36759326993416247
                    ],
                    "y": [
                        0.34820775420629113,
                        0.6517922457937089
                    ],
                    "z": [
                        0.7905998536942209,
                        0.20940014630577908
                    ],
                    "Bloch vector": [
                        0.2648,
                        -0.3036,
                        0.5812
                    ],
                    "denstiy matrix": "./arrays.npz#results.q0.|+>.mitigated.denstiy matrix",
                    "fidelity": 0.6324067300658375,
                    "trace_distance": 0.4925585984947277
                }
            },
            "i|+>": {
                "raw": {
                    "x": [
                        6075,
                        3925
                    ],
                    "y": [
                        4591,
                        5409
                    ],
                    "z": [
                        5674,
                        4326
                    ],
                    "Bloch vector": [
                        0.215,
                        -0.0818,
                        0.1348
                    ],
                    "denstiy matrix": "./arrays.npz#results.q0.i|+>.raw.denstiy matrix",
                    "fidelity": 0.45909999999999995,
                    "trace_distance": 0.5555824151284847
                },
                "mitigated": {
                    "x": [
                        0.8674103877103145,
                        0.13258961228968547
                    ],
                    "y": [
                        0.596013167520117,
                        0.40398683247988304
                    ],
                    "z": [
                        0.79407461594733,
                        0.20592538405267002
                    ],
                    "Bloch vector": [
                        0.7348,
                        0.192,
                        0.5881
                    ],
                    "denstiy matrix": "./arrays.npz#results.q0.i|+>.mitigated.denstiy matrix",
                    "fidelity": 0.596013167520117,
                    "trace_distance": 0.6202222452952992
                }
            },
            "superoperator": "./arrays.npz#results.q0.superoperator",
            "mitigated superoperator": "./arrays.npz#results.q0.mitigated superoperator"
        }
    },
    "initial_parameters": {
        "qubits": [
            "q0"
        ],
        "num_runs": 10000,
        "reset_type_thermal_or_active": "active",
        "flux_point_joint_or_independent": "joint",
        "simulate": false,
        "simulation_duration_ns": 10000,
        "timeout": 100,
        "load_data_id": null,
        "multiplexed": false,
        "interaction_time_ns": 103,
        "desired_state": [
            [
                0,
                0
            ],
            [
                3.141592653589793,
                0
            ],
            [
                1.5707963267948966,
                0
            ],
            [
                1.5707963267948966,
                1.5707963267948966
            ]
        ]
    }
}