{
    "ds": "./ds.h5",
    "figs": {
        "q0_|0>": "./figs.q0_|0>.png",
        "q0_|1>": "./figs.q0_|1>.png",
        "q0_|+>": "./figs.q0_|+>.png",
        "q0_i|+>": "./figs.q0_i|+>.png"
    },
    "results": {
        "q0": {
            "|0>": {
                "raw": {
                    "x": [
                        4784,
                        5216
                    ],
                    "y": [
                        4794,
                        5206
                    ],
                    "z": [
                        8002,
                        1998
                    ],
                    "Bloch vector": [
                        -0.0432,
                        -0.0412,
                        0.6004
                    ],
                    "denstiy matrix": "./arrays.npz#results.q0.|0>.raw.denstiy matrix",
                    "fidelity": 0.8002,
                    "trace_distance": 0.20201722698819521
                },
                "mitigated": {
                    "x": [
                        0.6313094367227505,
                        0.36869056327724936
                    ],
                    "y": [
                        0.633138258961229,
                        0.36686174103877095
                    ],
                    "z": [
                        1.0,
                        0
                    ],
                    "Bloch vector": [
                        0.2626,
                        0.2663,
                        1.0
                    ],
                    "denstiy matrix": "./arrays.npz#results.q0.|0>.mitigated.denstiy matrix",
                    "fidelity": 1.0,
                    "trace_distance": 0.18699723038503357
                }
            },
            "|1>": {
                "raw": {
                    "x": [
                        4812,
                        5188
                    ],
                    "y": [
                        4664,
                        5336
                    ],
                    "z": [
                        2812,
                        7188
                    ],
                    "Bloch vector": [
                        -0.0376,
                        -0.0672,
                        -0.4376
                    ],
                    "denstiy matrix": "./arrays.npz#results.q0.|1>.raw.denstiy matrix",
                    "fidelity": 0.7188,
                    "trace_distance": 0.2838236071929183
                },
                "mitigated": {
                    "x": [
                        0.6364301389904902,
                        0.36356986100950994
                    ],
                    "y": [
                        0.6093635698610094,
                        0.3906364301389904
                    ],
                    "z": [
                        0.2706656912948061,
                        0.7293343087051939
                    ],
                    "Bloch vector": [
                        0.2729,
                        0.2187,
                        -0.4587
                    ],
                    "denstiy matrix": "./arrays.npz#results.q0.|1>.mitigated.denstiy matrix",
                    "fidelity": 0.7293343087051939,
                    "trace_distance": 0.3222320432263117
                }
            },
            "|+>": {
                "raw": {
                    "x": [
                        4373,
                        5627
                    ],
                    "y": [
                        2957,
                        7043
                    ],
                    "z": [
                        5328,
                        4672
                    ],
                    "Bloch vector": [
                        -0.1254,
                        -0.4086,
                        0.0656
                    ],
                    "denstiy matrix": "./arrays.npz#results.q0.|+>.raw.denstiy matrix",
                    "fidelity": 0.4373,
                    "trace_distance": 0.5995378386724228
                },
                "mitigated": {
                    "x": [
                        0.5561448427212875,
                        0.4438551572787125
                    ],
                    "y": [
                        0.29718361375274327,
                        0.7028163862472567
                    ],
                    "z": [
                        0.7307973664959766,
                        0.26920263350402335
                    ],
                    "Bloch vector": [
                        0.1123,
                        -0.4056,
                        0.4616
                    ],
                    "denstiy matrix": "./arrays.npz#results.q0.|+>.mitigated.denstiy matrix",
                    "fidelity": 0.5561448427212875,
                    "trace_distance": 0.5398234077499651
                }
            },
            "i|+>": {
                "raw": {
                    "x": [
                        6411,
                        3589
                    ],
                    "y": [
                        4390,
                        5610
                    ],
                    "z": [
                        5466,
                        4534
                    ],
                    "Bloch vector": [
                        0.2822,
                        -0.122,
                        0.0932
                    ],
                    "denstiy matrix": "./arrays.npz#results.q0.i|+>.raw.denstiy matrix",
                    "fidelity": 0.43899999999999995,
                    "trace_distance": 0.5803462500955787
                },
                "mitigated": {
                    "x": [
                        0.9288588149231894,
                        0.07114118507681055
                    ],
                    "y": [
                        0.5592538405267008,
                        0.44074615947329926
                    ],
                    "z": [
                        0.7560351133869787,
                        0.24396488661302135
                    ],
                    "Bloch vector": [
                        0.8577,
                        0.1185,
                        0.5121
                    ],
                    "denstiy matrix": "./arrays.npz#results.q0.i|+>.mitigated.denstiy matrix",
                    "fidelity": 0.5592538405267008,
                    "trace_distance": 0.6661313980851438
                }
            },
            "superoperator": "./arrays.npz#results.q0.superoperator",
            "mitigated superoperator": "./arrays.npz#results.q0.mitigated superoperator"
        }
    },
    "initial_parameters": {
        "qubits": [
            "q0"
        ],
        "num_runs": 10000,
        "reset_type_thermal_or_active": "active",
        "flux_point_joint_or_independent": "joint",
        "simulate": false,
        "simulation_duration_ns": 10000,
        "timeout": 100,
        "load_data_id": null,
        "multiplexed": false,
        "interaction_time_ns": 86,
        "desired_state": [
            [
                0,
                0
            ],
            [
                3.141592653589793,
                0
            ],
            [
                1.5707963267948966,
                0
            ],
            [
                1.5707963267948966,
                1.5707963267948966
            ]
        ]
    }
}