{
    "ds": "./ds.h5",
    "figs": {
        "q0_|0>": "./figs.q0_|0>.png",
        "q0_|1>": "./figs.q0_|1>.png",
        "q0_|+>": "./figs.q0_|+>.png",
        "q0_i|+>": "./figs.q0_i|+>.png"
    },
    "results": {
        "q0": {
            "|0>": {
                "raw": {
                    "x": [
                        4668,
                        5332
                    ],
                    "y": [
                        4744,
                        5256
                    ],
                    "z": [
                        7736,
                        2264
                    ],
                    "Bloch vector": [
                        -0.0664,
                        -0.0512,
                        0.5472
                    ],
                    "denstiy matrix": "./arrays.npz#results.q0.|0>.raw.denstiy matrix",
                    "fidelity": 0.7736000000000001,
                    "trace_distance": 0.2302489087922025
                },
                "mitigated": {
                    "x": [
                        0.6100950987564009,
                        0.3899049012435991
                    ],
                    "y": [
                        0.6239941477688368,
                        0.3760058522311631
                    ],
                    "z": [
                        0.9999999999999999,
                        0
                    ],
                    "Bloch vector": [
                        0.2202,
                        0.248,
                        1.0
                    ],
                    "denstiy matrix": "./arrays.npz#results.q0.|0>.mitigated.denstiy matrix",
                    "fidelity": 1.0,
                    "trace_distance": 0.16581760898982295
                }
            },
            "|1>": {
                "raw": {
                    "x": [
                        4510,
                        5490
                    ],
                    "y": [
                        4467,
                        5533
                    ],
                    "z": [
                        2467,
                        7533
                    ],
                    "Bloch vector": [
                        -0.098,
                        -0.1066,
                        -0.5066
                    ],
                    "denstiy matrix": "./arrays.npz#results.q0.|1>.raw.denstiy matrix",
                    "fidelity": 0.7533000000000001,
                    "trace_distance": 0.25710460906020327
                },
                "mitigated": {
                    "x": [
                        0.5811997073884418,
                        0.4188002926115582
                    ],
                    "y": [
                        0.5733357717629846,
                        0.4266642282370154
                    ],
                    "z": [
                        0.20757132406730067,
                        0.7924286759326993
                    ],
                    "Bloch vector": [
                        0.1624,
                        0.1467,
                        -0.5849
                    ],
                    "denstiy matrix": "./arrays.npz#results.q0.|1>.mitigated.denstiy matrix",
                    "fidelity": 0.7924286759326993,
                    "trace_distance": 0.23464309594593552
                }
            },
            "|+>": {
                "raw": {
                    "x": [
                        2693,
                        7307
                    ],
                    "y": [
                        6007,
                        3993
                    ],
                    "z": [
                        5037,
                        4963
                    ],
                    "Bloch vector": [
                        -0.4614,
                        0.2014,
                        0.0074
                    ],
                    "denstiy matrix": "./arrays.npz#results.q0.|+>.raw.denstiy matrix",
                    "fidelity": 0.2693,
                    "trace_distance": 0.737615529934125
                },
                "mitigated": {
                    "x": [
                        0.2489027066569129,
                        0.7510972933430872
                    ],
                    "y": [
                        0.8549743964886612,
                        0.14502560351133875
                    ],
                    "z": [
                        0.6775786393562545,
                        0.32242136064374544
                    ],
                    "Bloch vector": [
                        -0.5022,
                        0.7099,
                        0.3552
                    ],
                    "denstiy matrix": "./arrays.npz#results.q0.|+>.mitigated.denstiy matrix",
                    "fidelity": 0.2489027066569128,
                    "trace_distance": 0.8495223006992927
                }
            },
            "i|+>": {
                "raw": {
                    "x": [
                        3147,
                        6853
                    ],
                    "y": [
                        3086,
                        6914
                    ],
                    "z": [
                        5051,
                        4949
                    ],
                    "Bloch vector": [
                        -0.3706,
                        -0.3828,
                        0.0102
                    ],
                    "denstiy matrix": "./arrays.npz#results.q0.i|+>.raw.denstiy matrix",
                    "fidelity": 0.3086,
                    "trace_distance": 0.7158184546377664
                },
                "mitigated": {
                    "x": [
                        0.33193123628383314,
                        0.6680687637161669
                    ],
                    "y": [
                        0.3207754206291148,
                        0.6792245793708852
                    ],
                    "z": [
                        0.6801389904901244,
                        0.31986100950987567
                    ],
                    "Bloch vector": [
                        -0.3361,
                        -0.3584,
                        0.3603
                    ],
                    "denstiy matrix": "./arrays.npz#results.q0.i|+>.mitigated.denstiy matrix",
                    "fidelity": 0.3207754206291148,
                    "trace_distance": 0.7225255666434494
                }
            },
            "superoperator": "./arrays.npz#results.q0.superoperator",
            "mitigated superoperator": "./arrays.npz#results.q0.mitigated superoperator"
        }
    },
    "initial_parameters": {
        "qubits": [
            "q0"
        ],
        "num_runs": 10000,
        "reset_type_thermal_or_active": "active",
        "flux_point_joint_or_independent": "joint",
        "simulate": false,
        "simulation_duration_ns": 10000,
        "timeout": 100,
        "load_data_id": null,
        "multiplexed": false,
        "interaction_time_ns": 49,
        "desired_state": [
            [
                0,
                0
            ],
            [
                3.141592653589793,
                0
            ],
            [
                1.5707963267948966,
                0
            ],
            [
                1.5707963267948966,
                1.5707963267948966
            ]
        ]
    }
}