{
    "ds": "./ds.h5",
    "figs": {
        "q0_|0>": "./figs.q0_|0>.png",
        "q0_|1>": "./figs.q0_|1>.png",
        "q0_|+>": "./figs.q0_|+>.png",
        "q0_i|+>": "./figs.q0_i|+>.png"
    },
    "results": {
        "q0": {
            "|0>": {
                "raw": {
                    "x": [
                        4762,
                        5238
                    ],
                    "y": [
                        4892,
                        5108
                    ],
                    "z": [
                        7765,
                        2235
                    ],
                    "Bloch vector": [
                        -0.0476,
                        -0.0216,
                        0.553
                    ],
                    "denstiy matrix": "./arrays.npz#results.q0.|0>.raw.denstiy matrix",
                    "fidelity": 0.7765,
                    "trace_distance": 0.22502295438465827
                },
                "mitigated": {
                    "x": [
                        0.6272860277980981,
                        0.372713972201902
                    ],
                    "y": [
                        0.6510607168983176,
                        0.34893928310168254
                    ],
                    "z": [
                        1.0,
                        0
                    ],
                    "Bloch vector": [
                        0.2546,
                        0.3021,
                        1.0
                    ],
                    "denstiy matrix": "./arrays.npz#results.q0.|0>.mitigated.denstiy matrix",
                    "fidelity": 1.0,
                    "trace_distance": 0.19753752317585593
                }
            },
            "|1>": {
                "raw": {
                    "x": [
                        4806,
                        5194
                    ],
                    "y": [
                        4688,
                        5312
                    ],
                    "z": [
                        4184,
                        5816
                    ],
                    "Bloch vector": [
                        -0.0388,
                        -0.0624,
                        -0.1632
                    ],
                    "denstiy matrix": "./arrays.npz#results.q0.|1>.raw.denstiy matrix",
                    "fidelity": 0.5816,
                    "trace_distance": 0.4200099522630386
                },
                "mitigated": {
                    "x": [
                        0.6353328456474031,
                        0.36466715435259694
                    ],
                    "y": [
                        0.6137527432333577,
                        0.3862472567666423
                    ],
                    "z": [
                        0.5215801024140454,
                        0.4784198975859546
                    ],
                    "Bloch vector": [
                        0.2707,
                        0.2275,
                        0.0432
                    ],
                    "denstiy matrix": "./arrays.npz#results.q0.|1>.mitigated.denstiy matrix",
                    "fidelity": 0.4784198975859546,
                    "trace_distance": 0.550727218265435
                }
            },
            "|+>": {
                "raw": {
                    "x": [
                        3875,
                        6125
                    ],
                    "y": [
                        3735,
                        6265
                    ],
                    "z": [
                        5827,
                        4173
                    ],
                    "Bloch vector": [
                        -0.225,
                        -0.253,
                        0.1654
                    ],
                    "denstiy matrix": "./arrays.npz#results.q0.|+>.raw.denstiy matrix",
                    "fidelity": 0.38749999999999996,
                    "trace_distance": 0.6308706602783173
                },
                "mitigated": {
                    "x": [
                        0.4650694952450622,
                        0.534930504754938
                    ],
                    "y": [
                        0.4394659839063643,
                        0.5605340160936357
                    ],
                    "z": [
                        0.8220555961960497,
                        0.17794440380395027
                    ],
                    "Bloch vector": [
                        -0.0699,
                        -0.1211,
                        0.6441
                    ],
                    "denstiy matrix": "./arrays.npz#results.q0.|+>.mitigated.denstiy matrix",
                    "fidelity": 0.46506949524506214,
                    "trace_distance": 0.6273235361940361
                }
            },
            "i|+>": {
                "raw": {
                    "x": [
                        5794,
                        4206
                    ],
                    "y": [
                        3974,
                        6026
                    ],
                    "z": [
                        5911,
                        4089
                    ],
                    "Bloch vector": [
                        0.1588,
                        -0.2052,
                        0.1822
                    ],
                    "denstiy matrix": "./arrays.npz#results.q0.i|+>.raw.denstiy matrix",
                    "fidelity": 0.3973999999999999,
                    "trace_distance": 0.6145976976852419
                },
                "mitigated": {
                    "x": [
                        0.816020482809071,
                        0.18397951719092898
                    ],
                    "y": [
                        0.4831748354059985,
                        0.5168251645940015
                    ],
                    "z": [
                        0.8374177029992684,
                        0.16258229700073157
                    ],
                    "Bloch vector": [
                        0.632,
                        -0.0337,
                        0.6748
                    ],
                    "denstiy matrix": "./arrays.npz#results.q0.i|+>.mitigated.denstiy matrix",
                    "fidelity": 0.4831748354059985,
                    "trace_distance": 0.6934175528567168
                }
            },
            "superoperator": "./arrays.npz#results.q0.superoperator",
            "mitigated superoperator": "./arrays.npz#results.q0.mitigated superoperator"
        }
    },
    "initial_parameters": {
        "qubits": [
            "q0"
        ],
        "num_runs": 10000,
        "reset_type_thermal_or_active": "active",
        "flux_point_joint_or_independent": "joint",
        "simulate": false,
        "simulation_duration_ns": 10000,
        "timeout": 100,
        "load_data_id": null,
        "multiplexed": false,
        "interaction_time_ns": 76,
        "desired_state": [
            [
                0,
                0
            ],
            [
                3.141592653589793,
                0
            ],
            [
                1.5707963267948966,
                0
            ],
            [
                1.5707963267948966,
                1.5707963267948966
            ]
        ]
    }
}