{
    "ds": "./ds.h5",
    "figs": {
        "q0_|0>": "./figs.q0_|0>.png",
        "q0_|1>": "./figs.q0_|1>.png",
        "q0_|+>": "./figs.q0_|+>.png",
        "q0_i|+>": "./figs.q0_i|+>.png"
    },
    "results": {
        "q0": {
            "|0>": {
                "raw": {
                    "x": [
                        4710,
                        5290
                    ],
                    "y": [
                        4693,
                        5307
                    ],
                    "z": [
                        8079,
                        1921
                    ],
                    "Bloch vector": [
                        -0.058,
                        -0.0614,
                        0.6158
                    ],
                    "denstiy matrix": "./arrays.npz#results.q0.|0>.raw.denstiy matrix",
                    "fidelity": 0.8079000000000001,
                    "trace_distance": 0.19668731530019923
                },
                "mitigated": {
                    "x": [
                        0.6177761521580101,
                        0.3822238478419898
                    ],
                    "y": [
                        0.614667154352597,
                        0.385332845647403
                    ],
                    "z": [
                        0.9999999999999999,
                        0
                    ],
                    "Bloch vector": [
                        0.2356,
                        0.2293,
                        1.0
                    ],
                    "denstiy matrix": "./arrays.npz#results.q0.|0>.mitigated.denstiy matrix",
                    "fidelity": 1.0,
                    "trace_distance": 0.16437693969796693
                }
            },
            "|1>": {
                "raw": {
                    "x": [
                        4841,
                        5159
                    ],
                    "y": [
                        4593,
                        5407
                    ],
                    "z": [
                        1620,
                        8380
                    ],
                    "Bloch vector": [
                        -0.0318,
                        -0.0814,
                        -0.676
                    ],
                    "denstiy matrix": "./arrays.npz#results.q0.|1>.raw.denstiy matrix",
                    "fidelity": 0.8380000000000001,
                    "trace_distance": 0.16778945139668341
                },
                "mitigated": {
                    "x": [
                        0.6417337234820775,
                        0.35826627651792253
                    ],
                    "y": [
                        0.5963789319678128,
                        0.4036210680321872
                    ],
                    "z": [
                        0.052670080468178504,
                        0.9473299195318214
                    ],
                    "Bloch vector": [
                        0.2835,
                        0.1928,
                        -0.8947
                    ],
                    "denstiy matrix": "./arrays.npz#results.q0.|1>.mitigated.denstiy matrix",
                    "fidelity": 0.9473299195318214,
                    "trace_distance": 0.1793083497104211
                }
            },
            "|+>": {
                "raw": {
                    "x": [
                        7018,
                        2982
                    ],
                    "y": [
                        3593,
                        6407
                    ],
                    "z": [
                        4687,
                        5313
                    ],
                    "Bloch vector": [
                        0.4036,
                        -0.2814,
                        -0.0626
                    ],
                    "denstiy matrix": "./arrays.npz#results.q0.|+>.raw.denstiy matrix",
                    "fidelity": 0.7018,
                    "trace_distance": 0.33120902765474247
                },
                "mitigated": {
                    "x": [
                        1.0000000000000002,
                        0
                    ],
                    "y": [
                        0.4134967081199707,
                        0.5865032918800293
                    ],
                    "z": [
                        0.6135698610095099,
                        0.3864301389904901
                    ],
                    "Bloch vector": [
                        1.0,
                        -0.173,
                        0.2271
                    ],
                    "denstiy matrix": "./arrays.npz#results.q0.|+>.mitigated.denstiy matrix",
                    "fidelity": 1.0,
                    "trace_distance": 0.14276180454099388
                }
            },
            "i|+>": {
                "raw": {
                    "x": [
                        5643,
                        4357
                    ],
                    "y": [
                        6342,
                        3658
                    ],
                    "z": [
                        4899,
                        5101
                    ],
                    "Bloch vector": [
                        0.1286,
                        0.2684,
                        -0.0202
                    ],
                    "denstiy matrix": "./arrays.npz#results.q0.i|+>.raw.denstiy matrix",
                    "fidelity": 0.6341999999999999,
                    "trace_distance": 0.37154560958245764
                },
                "mitigated": {
                    "x": [
                        0.7884052670080468,
                        0.2115947329919532
                    ],
                    "y": [
                        0.9162399414776882,
                        0.08376005852231166
                    ],
                    "z": [
                        0.6523408924652524,
                        0.34765910753474766
                    ],
                    "Bloch vector": [
                        0.5768,
                        0.8325,
                        0.3047
                    ],
                    "denstiy matrix": "./arrays.npz#results.q0.i|+>.mitigated.denstiy matrix",
                    "fidelity": 0.9162399414776883,
                    "trace_distance": 0.33675078761415456
                }
            },
            "superoperator": "./arrays.npz#results.q0.superoperator",
            "mitigated superoperator": "./arrays.npz#results.q0.mitigated superoperator"
        }
    },
    "initial_parameters": {
        "qubits": [
            "q0"
        ],
        "num_runs": 10000,
        "reset_type_thermal_or_active": "active",
        "flux_point_joint_or_independent": "joint",
        "simulate": false,
        "simulation_duration_ns": 10000,
        "timeout": 100,
        "load_data_id": null,
        "multiplexed": false,
        "interaction_time_ns": 3,
        "desired_state": [
            [
                0,
                0
            ],
            [
                3.141592653589793,
                0
            ],
            [
                1.5707963267948966,
                0
            ],
            [
                1.5707963267948966,
                1.5707963267948966
            ]
        ]
    }
}