{
    "ds": "./ds.h5",
    "figs": {
        "q0_|0>": "./figs.q0_|0>.png",
        "q0_|1>": "./figs.q0_|1>.png",
        "q0_|+>": "./figs.q0_|+>.png",
        "q0_i|+>": "./figs.q0_i|+>.png"
    },
    "results": {
        "q0": {
            "|0>": {
                "raw": {
                    "x": [
                        4880,
                        5120
                    ],
                    "y": [
                        4813,
                        5187
                    ],
                    "z": [
                        7688,
                        2312
                    ],
                    "Bloch vector": [
                        -0.024,
                        -0.0374,
                        0.5376
                    ],
                    "denstiy matrix": "./arrays.npz#results.q0.|0>.raw.denstiy matrix",
                    "fidelity": 0.7687999999999999,
                    "trace_distance": 0.23226521478688972
                },
                "mitigated": {
                    "x": [
                        0.6488661302121433,
                        0.35113386978785666
                    ],
                    "y": [
                        0.6366130212143379,
                        0.3633869787856622
                    ],
                    "z": [
                        1.0,
                        0
                    ],
                    "Bloch vector": [
                        0.2977,
                        0.2732,
                        1.0
                    ],
                    "denstiy matrix": "./arrays.npz#results.q0.|0>.mitigated.denstiy matrix",
                    "fidelity": 1.0,
                    "trace_distance": 0.20205009846483113
                }
            },
            "|1>": {
                "raw": {
                    "x": [
                        4694,
                        5306
                    ],
                    "y": [
                        4652,
                        5348
                    ],
                    "z": [
                        4415,
                        5585
                    ],
                    "Bloch vector": [
                        -0.0612,
                        -0.0696,
                        -0.117
                    ],
                    "denstiy matrix": "./arrays.npz#results.q0.|1>.raw.denstiy matrix",
                    "fidelity": 0.5585,
                    "trace_distance": 0.4439252752434806
                },
                "mitigated": {
                    "x": [
                        0.6148500365764448,
                        0.3851499634235552
                    ],
                    "y": [
                        0.6071689831748354,
                        0.39283101682516464
                    ],
                    "z": [
                        0.5638258961228969,
                        0.43617410387710315
                    ],
                    "Bloch vector": [
                        0.2297,
                        0.2143,
                        0.1277
                    ],
                    "denstiy matrix": "./arrays.npz#results.q0.|1>.mitigated.denstiy matrix",
                    "fidelity": 0.4361741038771031,
                    "trace_distance": 0.5852993789464727
                }
            },
            "|+>": {
                "raw": {
                    "x": [
                        3751,
                        6249
                    ],
                    "y": [
                        4206,
                        5794
                    ],
                    "z": [
                        6002,
                        3998
                    ],
                    "Bloch vector": [
                        -0.2498,
                        -0.1588,
                        0.2004
                    ],
                    "denstiy matrix": "./arrays.npz#results.q0.|+>.raw.denstiy matrix",
                    "fidelity": 0.37509999999999993,
                    "trace_distance": 0.6378435623254342
                },
                "mitigated": {
                    "x": [
                        0.4423920994879297,
                        0.5576079005120703
                    ],
                    "y": [
                        0.5256035113386979,
                        0.47439648866130224
                    ],
                    "z": [
                        0.8540599853694221,
                        0.14594001463057799
                    ],
                    "Bloch vector": [
                        -0.1152,
                        0.0512,
                        0.7081
                    ],
                    "denstiy matrix": "./arrays.npz#results.q0.|+>.mitigated.denstiy matrix",
                    "fidelity": 0.4423920994879297,
                    "trace_distance": 0.66101481356029
                }
            },
            "i|+>": {
                "raw": {
                    "x": [
                        5164,
                        4836
                    ],
                    "y": [
                        3819,
                        6181
                    ],
                    "z": [
                        6078,
                        3922
                    ],
                    "Bloch vector": [
                        0.0328,
                        -0.2362,
                        0.2156
                    ],
                    "denstiy matrix": "./arrays.npz#results.q0.i|+>.raw.denstiy matrix",
                    "fidelity": 0.3819,
                    "trace_distance": 0.6276443339981649
                },
                "mitigated": {
                    "x": [
                        0.7008046817849305,
                        0.2991953182150695
                    ],
                    "y": [
                        0.45482809070958297,
                        0.545171909290417
                    ],
                    "z": [
                        0.8679590343818581,
                        0.13204096561814194
                    ],
                    "Bloch vector": [
                        0.4016,
                        -0.0903,
                        0.7359
                    ],
                    "denstiy matrix": "./arrays.npz#results.q0.i|+>.mitigated.denstiy matrix",
                    "fidelity": 0.45482809070958297,
                    "trace_distance": 0.6876981764475861
                }
            },
            "superoperator": "./arrays.npz#results.q0.superoperator",
            "mitigated superoperator": "./arrays.npz#results.q0.mitigated superoperator"
        }
    },
    "initial_parameters": {
        "qubits": [
            "q0"
        ],
        "num_runs": 10000,
        "reset_type_thermal_or_active": "active",
        "flux_point_joint_or_independent": "joint",
        "simulate": false,
        "simulation_duration_ns": 10000,
        "timeout": 100,
        "load_data_id": null,
        "multiplexed": false,
        "interaction_time_ns": 71,
        "desired_state": [
            [
                0,
                0
            ],
            [
                3.141592653589793,
                0
            ],
            [
                1.5707963267948966,
                0
            ],
            [
                1.5707963267948966,
                1.5707963267948966
            ]
        ]
    }
}