{
    "ds": "./ds.h5",
    "figs": {
        "q0_|0>": "./figs.q0_|0>.png",
        "q0_|1>": "./figs.q0_|1>.png",
        "q0_|+>": "./figs.q0_|+>.png",
        "q0_i|+>": "./figs.q0_i|+>.png"
    },
    "results": {
        "q0": {
            "|0>": {
                "raw": {
                    "x": [
                        4721,
                        5279
                    ],
                    "y": [
                        4744,
                        5256
                    ],
                    "z": [
                        7802,
                        2198
                    ],
                    "Bloch vector": [
                        -0.0558,
                        -0.0512,
                        0.5604
                    ],
                    "denstiy matrix": "./arrays.npz#results.q0.|0>.raw.denstiy matrix",
                    "fidelity": 0.7802,
                    "trace_distance": 0.2230376873983408
                },
                "mitigated": {
                    "x": [
                        0.6197878566203365,
                        0.3802121433796636
                    ],
                    "y": [
                        0.6239941477688368,
                        0.3760058522311631
                    ],
                    "z": [
                        1.0,
                        0
                    ],
                    "Bloch vector": [
                        0.2396,
                        0.248,
                        1.0
                    ],
                    "denstiy matrix": "./arrays.npz#results.q0.|0>.mitigated.denstiy matrix",
                    "fidelity": 1.0,
                    "trace_distance": 0.17240556625183084
                }
            },
            "|1>": {
                "raw": {
                    "x": [
                        4698,
                        5302
                    ],
                    "y": [
                        4534,
                        5466
                    ],
                    "z": [
                        2584,
                        7416
                    ],
                    "Bloch vector": [
                        -0.0604,
                        -0.0932,
                        -0.4832
                    ],
                    "denstiy matrix": "./arrays.npz#results.q0.|1>.raw.denstiy matrix",
                    "fidelity": 0.7416,
                    "trace_distance": 0.2642993757086838
                },
                "mitigated": {
                    "x": [
                        0.6155815654718361,
                        0.3844184345281639
                    ],
                    "y": [
                        0.5855888807607901,
                        0.41441111923920987
                    ],
                    "z": [
                        0.22896854425749816,
                        0.7710314557425019
                    ],
                    "Bloch vector": [
                        0.2312,
                        0.1712,
                        -0.5421
                    ],
                    "denstiy matrix": "./arrays.npz#results.q0.|1>.mitigated.denstiy matrix",
                    "fidelity": 0.7710314557425019,
                    "trace_distance": 0.2703907340243059
                }
            },
            "|+>": {
                "raw": {
                    "x": [
                        6708,
                        3292
                    ],
                    "y": [
                        3739,
                        6261
                    ],
                    "z": [
                        5073,
                        4927
                    ],
                    "Bloch vector": [
                        0.3416,
                        -0.2522,
                        0.0146
                    ],
                    "denstiy matrix": "./arrays.npz#results.q0.|+>.raw.denstiy matrix",
                    "fidelity": 0.6708,
                    "trace_distance": 0.3526005388538139
                },
                "mitigated": {
                    "x": [
                        0.9831748354059984,
                        0.016825164594001518
                    ],
                    "y": [
                        0.4401975128017557,
                        0.5598024871982443
                    ],
                    "z": [
                        0.6841623994147767,
                        0.31583760058522325
                    ],
                    "Bloch vector": [
                        0.9663,
                        -0.1196,
                        0.3683
                    ],
                    "denstiy matrix": "./arrays.npz#results.q0.|+>.mitigated.denstiy matrix",
                    "fidelity": 0.9831748354059984,
                    "trace_distance": 0.19435846520519545
                }
            },
            "i|+>": {
                "raw": {
                    "x": [
                        5566,
                        4434
                    ],
                    "y": [
                        6144,
                        3856
                    ],
                    "z": [
                        5298,
                        4702
                    ],
                    "Bloch vector": [
                        0.1132,
                        0.2288,
                        0.0596
                    ],
                    "denstiy matrix": "./arrays.npz#results.q0.i|+>.raw.denstiy matrix",
                    "fidelity": 0.6144000000000001,
                    "trace_distance": 0.3908694922861082
                },
                "mitigated": {
                    "x": [
                        0.7743233357717629,
                        0.22567666422823712
                    ],
                    "y": [
                        0.8800292611558155,
                        0.11997073884418441
                    ],
                    "z": [
                        0.7253108997805414,
                        0.2746891002194587
                    ],
                    "Bloch vector": [
                        0.5486,
                        0.7601,
                        0.4506
                    ],
                    "denstiy matrix": "./arrays.npz#results.q0.i|+>.mitigated.denstiy matrix",
                    "fidelity": 0.8800292611558155,
                    "trace_distance": 0.37471492135713513
                }
            },
            "superoperator": "./arrays.npz#results.q0.superoperator",
            "mitigated superoperator": "./arrays.npz#results.q0.mitigated superoperator"
        }
    },
    "initial_parameters": {
        "qubits": [
            "q0"
        ],
        "num_runs": 10000,
        "reset_type_thermal_or_active": "active",
        "flux_point_joint_or_independent": "joint",
        "simulate": false,
        "simulation_duration_ns": 10000,
        "timeout": 100,
        "load_data_id": null,
        "multiplexed": false,
        "interaction_time_ns": 9,
        "desired_state": [
            [
                0,
                0
            ],
            [
                3.141592653589793,
                0
            ],
            [
                1.5707963267948966,
                0
            ],
            [
                1.5707963267948966,
                1.5707963267948966
            ]
        ]
    }
}