{
    "ds": "./ds.h5",
    "figs": {
        "q0_|0>": "./figs.q0_|0>.png",
        "q0_|1>": "./figs.q0_|1>.png",
        "q0_|+>": "./figs.q0_|+>.png",
        "q0_i|+>": "./figs.q0_i|+>.png"
    },
    "results": {
        "q0": {
            "|0>": {
                "raw": {
                    "x": [
                        4882,
                        5118
                    ],
                    "y": [
                        4756,
                        5244
                    ],
                    "z": [
                        7913,
                        2087
                    ],
                    "Bloch vector": [
                        -0.0236,
                        -0.0488,
                        0.5826
                    ],
                    "denstiy matrix": "./arrays.npz#results.q0.|0>.raw.denstiy matrix",
                    "fidelity": 0.7913,
                    "trace_distance": 0.21045258373324854
                },
                "mitigated": {
                    "x": [
                        0.6492318946598391,
                        0.35076810534016095
                    ],
                    "y": [
                        0.626188734455011,
                        0.373811265544989
                    ],
                    "z": [
                        1.0000000000000002,
                        0
                    ],
                    "Bloch vector": [
                        0.2985,
                        0.2524,
                        1.0
                    ],
                    "denstiy matrix": "./arrays.npz#results.q0.|0>.mitigated.denstiy matrix",
                    "fidelity": 1.0,
                    "trace_distance": 0.19543222632698676
                }
            },
            "|1>": {
                "raw": {
                    "x": [
                        4828,
                        5172
                    ],
                    "y": [
                        4598,
                        5402
                    ],
                    "z": [
                        3519,
                        6481
                    ],
                    "Bloch vector": [
                        -0.0344,
                        -0.0804,
                        -0.2962
                    ],
                    "denstiy matrix": "./arrays.npz#results.q0.|1>.raw.denstiy matrix",
                    "fidelity": 0.6481,
                    "trace_distance": 0.3546061054183923
                },
                "mitigated": {
                    "x": [
                        0.6393562545720556,
                        0.3606437454279444
                    ],
                    "y": [
                        0.5972933430870518,
                        0.4027066569129481
                    ],
                    "z": [
                        0.3999634235552304,
                        0.6000365764447696
                    ],
                    "Bloch vector": [
                        0.2787,
                        0.1946,
                        -0.2001
                    ],
                    "denstiy matrix": "./arrays.npz#results.q0.|1>.mitigated.denstiy matrix",
                    "fidelity": 0.6000365764447696,
                    "trace_distance": 0.4345766911368199
                }
            },
            "|+>": {
                "raw": {
                    "x": [
                        4078,
                        5922
                    ],
                    "y": [
                        3281,
                        6719
                    ],
                    "z": [
                        5575,
                        4425
                    ],
                    "Bloch vector": [
                        -0.1844,
                        -0.3438,
                        0.115
                    ],
                    "denstiy matrix": "./arrays.npz#results.q0.|+>.raw.denstiy matrix",
                    "fidelity": 0.40779999999999994,
                    "trace_distance": 0.6193195459534604
                },
                "mitigated": {
                    "x": [
                        0.5021945866861741,
                        0.4978054133138259
                    ],
                    "y": [
                        0.356437454279444,
                        0.643562545720556
                    ],
                    "z": [
                        0.7759692757863935,
                        0.22403072421360648
                    ],
                    "Bloch vector": [
                        0.0044,
                        -0.2871,
                        0.5519
                    ],
                    "denstiy matrix": "./arrays.npz#results.q0.|+>.mitigated.denstiy matrix",
                    "fidelity": 0.5021945866861741,
                    "trace_distance": 0.5870089226207573
                }
            },
            "i|+>": {
                "raw": {
                    "x": [
                        6213,
                        3787
                    ],
                    "y": [
                        4049,
                        5951
                    ],
                    "z": [
                        5667,
                        4333
                    ],
                    "Bloch vector": [
                        0.2426,
                        -0.1902,
                        0.1334
                    ],
                    "denstiy matrix": "./arrays.npz#results.q0.i|+>.raw.denstiy matrix",
                    "fidelity": 0.4048999999999999,
                    "trace_distance": 0.6109882077421789
                },
                "mitigated": {
                    "x": [
                        0.8926481346013168,
                        0.1073518653986833
                    ],
                    "y": [
                        0.4968910021945866,
                        0.5031089978054133
                    ],
                    "z": [
                        0.7927944403803949,
                        0.20720555961960507
                    ],
                    "Bloch vector": [
                        0.7853,
                        -0.0062,
                        0.5856
                    ],
                    "denstiy matrix": "./arrays.npz#results.q0.i|+>.mitigated.denstiy matrix",
                    "fidelity": 0.4968910021945866,
                    "trace_distance": 0.7021536908657033
                }
            },
            "superoperator": "./arrays.npz#results.q0.superoperator",
            "mitigated superoperator": "./arrays.npz#results.q0.mitigated superoperator"
        }
    },
    "initial_parameters": {
        "qubits": [
            "q0"
        ],
        "num_runs": 10000,
        "reset_type_thermal_or_active": "active",
        "flux_point_joint_or_independent": "joint",
        "simulate": false,
        "simulation_duration_ns": 10000,
        "timeout": 100,
        "load_data_id": null,
        "multiplexed": false,
        "interaction_time_ns": 81,
        "desired_state": [
            [
                0,
                0
            ],
            [
                3.141592653589793,
                0
            ],
            [
                1.5707963267948966,
                0
            ],
            [
                1.5707963267948966,
                1.5707963267948966
            ]
        ]
    }
}