{
    "ds": "./ds.h5",
    "figs": {
        "q0_|0>": "./figs.q0_|0>.png",
        "q0_|1>": "./figs.q0_|1>.png",
        "q0_|+>": "./figs.q0_|+>.png",
        "q0_i|+>": "./figs.q0_i|+>.png"
    },
    "results": {
        "q0": {
            "|0>": {
                "raw": {
                    "x": [
                        4680,
                        5320
                    ],
                    "y": [
                        4638,
                        5362
                    ],
                    "z": [
                        7585,
                        2415
                    ],
                    "Bloch vector": [
                        -0.064,
                        -0.0724,
                        0.517
                    ],
                    "denstiy matrix": "./arrays.npz#results.q0.|0>.raw.denstiy matrix",
                    "fidelity": 0.7585,
                    "trace_distance": 0.2462857892774165
                },
                "mitigated": {
                    "x": [
                        0.612289685442575,
                        0.3877103145574251
                    ],
                    "y": [
                        0.6046086320409656,
                        0.39539136795903446
                    ],
                    "z": [
                        1.0,
                        0
                    ],
                    "Bloch vector": [
                        0.2246,
                        0.2092,
                        1.0
                    ],
                    "denstiy matrix": "./arrays.npz#results.q0.|0>.mitigated.denstiy matrix",
                    "fidelity": 1.0,
                    "trace_distance": 0.1534664111598188
                }
            },
            "|1>": {
                "raw": {
                    "x": [
                        4444,
                        5556
                    ],
                    "y": [
                        4442,
                        5558
                    ],
                    "z": [
                        3510,
                        6490
                    ],
                    "Bloch vector": [
                        -0.1112,
                        -0.1116,
                        -0.298
                    ],
                    "denstiy matrix": "./arrays.npz#results.q0.|1>.raw.denstiy matrix",
                    "fidelity": 0.649,
                    "trace_distance": 0.3597304546462531
                },
                "mitigated": {
                    "x": [
                        0.5691294806144843,
                        0.4308705193855157
                    ],
                    "y": [
                        0.5687637161667886,
                        0.43123628383321144
                    ],
                    "z": [
                        0.3983174835405998,
                        0.6016825164594002
                    ],
                    "Bloch vector": [
                        0.1383,
                        0.1375,
                        -0.2034
                    ],
                    "denstiy matrix": "./arrays.npz#results.q0.|1>.mitigated.denstiy matrix",
                    "fidelity": 0.6016825164594002,
                    "trace_distance": 0.41007822600719857
                }
            },
            "|+>": {
                "raw": {
                    "x": [
                        3234,
                        6766
                    ],
                    "y": [
                        6001,
                        3999
                    ],
                    "z": [
                        5587,
                        4413
                    ],
                    "Bloch vector": [
                        -0.3532,
                        0.2002,
                        0.1174
                    ],
                    "denstiy matrix": "./arrays.npz#results.q0.|+>.raw.denstiy matrix",
                    "fidelity": 0.32339999999999997,
                    "trace_distance": 0.6864788853271453
                },
                "mitigated": {
                    "x": [
                        0.3478419897585955,
                        0.6521580102414045
                    ],
                    "y": [
                        0.8538771031455741,
                        0.14612289685442575
                    ],
                    "z": [
                        0.7781638624725676,
                        0.22183613752743236
                    ],
                    "Bloch vector": [
                        -0.3043,
                        0.7078,
                        0.5563
                    ],
                    "denstiy matrix": "./arrays.npz#results.q0.|+>.mitigated.denstiy matrix",
                    "fidelity": 0.3478419897585955,
                    "trace_distance": 0.7924103790577133
                }
            },
            "i|+>": {
                "raw": {
                    "x": [
                        3166,
                        6834
                    ],
                    "y": [
                        3586,
                        6414
                    ],
                    "z": [
                        5493,
                        4507
                    ],
                    "Bloch vector": [
                        -0.3668,
                        -0.2828,
                        0.0986
                    ],
                    "denstiy matrix": "./arrays.npz#results.q0.i|+>.raw.denstiy matrix",
                    "fidelity": 0.3586,
                    "trace_distance": 0.6689245174158291
                },
                "mitigated": {
                    "x": [
                        0.3354059985369422,
                        0.6645940014630578
                    ],
                    "y": [
                        0.41221653255303575,
                        0.5877834674469641
                    ],
                    "z": [
                        0.7609729334308706,
                        0.23902706656912948
                    ],
                    "Bloch vector": [
                        -0.3292,
                        -0.1756,
                        0.5219
                    ],
                    "denstiy matrix": "./arrays.npz#results.q0.i|+>.mitigated.denstiy matrix",
                    "fidelity": 0.4122165325530358,
                    "trace_distance": 0.6638429497291592
                }
            },
            "superoperator": "./arrays.npz#results.q0.superoperator",
            "mitigated superoperator": "./arrays.npz#results.q0.mitigated superoperator"
        }
    },
    "initial_parameters": {
        "qubits": [
            "q0"
        ],
        "num_runs": 10000,
        "reset_type_thermal_or_active": "active",
        "flux_point_joint_or_independent": "joint",
        "simulate": false,
        "simulation_duration_ns": 10000,
        "timeout": 100,
        "load_data_id": null,
        "multiplexed": false,
        "interaction_time_ns": 38,
        "desired_state": [
            [
                0,
                0
            ],
            [
                3.141592653589793,
                0
            ],
            [
                1.5707963267948966,
                0
            ],
            [
                1.5707963267948966,
                1.5707963267948966
            ]
        ]
    }
}