{
    "ds": "./ds.h5",
    "figs": {
        "q0_|0>": "./figs.q0_|0>.png",
        "q0_|1>": "./figs.q0_|1>.png",
        "q0_|+>": "./figs.q0_|+>.png",
        "q0_i|+>": "./figs.q0_i|+>.png"
    },
    "results": {
        "q0": {
            "|0>": {
                "raw": {
                    "x": [
                        4728,
                        5272
                    ],
                    "y": [
                        4774,
                        5226
                    ],
                    "z": [
                        7848,
                        2152
                    ],
                    "Bloch vector": [
                        -0.0544,
                        -0.0452,
                        0.5696
                    ],
                    "denstiy matrix": "./arrays.npz#results.q0.|0>.raw.denstiy matrix",
                    "fidelity": 0.7847999999999999,
                    "trace_distance": 0.21808631318815036
                },
                "mitigated": {
                    "x": [
                        0.6210680321872714,
                        0.37893196781272864
                    ],
                    "y": [
                        0.6294806144842722,
                        0.3705193855157279
                    ],
                    "z": [
                        1.0,
                        0
                    ],
                    "Bloch vector": [
                        0.2421,
                        0.259,
                        1.0
                    ],
                    "denstiy matrix": "./arrays.npz#results.q0.|0>.mitigated.denstiy matrix",
                    "fidelity": 1.0,
                    "trace_distance": 0.17726448585354845
                }
            },
            "|1>": {
                "raw": {
                    "x": [
                        4721,
                        5279
                    ],
                    "y": [
                        4537,
                        5463
                    ],
                    "z": [
                        3366,
                        6634
                    ],
                    "Bloch vector": [
                        -0.0558,
                        -0.0926,
                        -0.3268
                    ],
                    "denstiy matrix": "./arrays.npz#results.q0.|1>.raw.denstiy matrix",
                    "fidelity": 0.6634,
                    "trace_distance": 0.34091298009902765
                },
                "mitigated": {
                    "x": [
                        0.6197878566203365,
                        0.3802121433796636
                    ],
                    "y": [
                        0.5861375274323335,
                        0.4138624725676665
                    ],
                    "z": [
                        0.37198244330651065,
                        0.6280175566934894
                    ],
                    "Bloch vector": [
                        0.2396,
                        0.1723,
                        -0.256
                    ],
                    "denstiy matrix": "./arrays.npz#results.q0.|1>.mitigated.denstiy matrix",
                    "fidelity": 0.6280175566934894,
                    "trace_distance": 0.40017463981883167
                }
            },
            "|+>": {
                "raw": {
                    "x": [
                        4206,
                        5794
                    ],
                    "y": [
                        3194,
                        6806
                    ],
                    "z": [
                        5351,
                        4649
                    ],
                    "Bloch vector": [
                        -0.1588,
                        -0.3612,
                        0.0702
                    ],
                    "denstiy matrix": "./arrays.npz#results.q0.|+>.raw.denstiy matrix",
                    "fidelity": 0.4206,
                    "trace_distance": 0.6079084881789365
                },
                "mitigated": {
                    "x": [
                        0.5256035113386979,
                        0.47439648866130224
                    ],
                    "y": [
                        0.34052670080468184,
                        0.6594732991953182
                    ],
                    "z": [
                        0.735003657644477,
                        0.26499634235552305
                    ],
                    "Bloch vector": [
                        0.0512,
                        -0.3189,
                        0.47
                    ],
                    "denstiy matrix": "./arrays.npz#results.q0.|+>.mitigated.denstiy matrix",
                    "fidelity": 0.5256035113386979,
                    "trace_distance": 0.5529109157149052
                }
            },
            "i|+>": {
                "raw": {
                    "x": [
                        6298,
                        3702
                    ],
                    "y": [
                        4204,
                        5796
                    ],
                    "z": [
                        5564,
                        4436
                    ],
                    "Bloch vector": [
                        0.2596,
                        -0.1592,
                        0.1128
                    ],
                    "denstiy matrix": "./arrays.npz#results.q0.i|+>.raw.denstiy matrix",
                    "fidelity": 0.4204,
                    "trace_distance": 0.596628158906366
                },
                "mitigated": {
                    "x": [
                        0.9081931236283833,
                        0.09180687637161666
                    ],
                    "y": [
                        0.5252377468910022,
                        0.4747622531089978
                    ],
                    "z": [
                        0.7739575713240673,
                        0.22604242867593266
                    ],
                    "Bloch vector": [
                        0.8164,
                        0.0505,
                        0.5479
                    ],
                    "denstiy matrix": "./arrays.npz#results.q0.i|+>.mitigated.denstiy matrix",
                    "fidelity": 0.5252377468910022,
                    "trace_distance": 0.6834278118721904
                }
            },
            "superoperator": "./arrays.npz#results.q0.superoperator",
            "mitigated superoperator": "./arrays.npz#results.q0.mitigated superoperator"
        }
    },
    "initial_parameters": {
        "qubits": [
            "q0"
        ],
        "num_runs": 10000,
        "reset_type_thermal_or_active": "active",
        "flux_point_joint_or_independent": "joint",
        "simulate": false,
        "simulation_duration_ns": 10000,
        "timeout": 100,
        "load_data_id": null,
        "multiplexed": false,
        "interaction_time_ns": 82,
        "desired_state": [
            [
                0,
                0
            ],
            [
                3.141592653589793,
                0
            ],
            [
                1.5707963267948966,
                0
            ],
            [
                1.5707963267948966,
                1.5707963267948966
            ]
        ]
    }
}